id,sentiment,acara_tv,jumlah_retweet,text_tweet,clean_text
1,positive,HitamPutihTransTV,12,"Undang @N_ShaniJKT48 ke hitamputih, pemenang SSK JKT48 harusnya mJKT48 ini lebih Layak di Undang karena prestasinya",undang hitamputih menang ssk jakarta mjkt layak undang prestasi
2,positive,HitamPutihTransTV,6,Selamat berbuka puasa Semoga amal ibadah hari ni diterima Allah #hitamputih,selamat buka puasa moga amal ibadah ni terima allah
3,positive,HitamPutihTransTV,9,"Ada nih di trans7 hitam putih, dia dpt penghargaan juga di norwegia #hitamputih",nih trans hitam putih harga norwegia
4,positive,HitamPutihTransTV,2,selamat ya mas @adietaufan masuk hitamputih,selamat ya mas masuk hitamputih
5,positive,HitamPutihTransTV,1,Asiknya nonton Hitam Putih Trans7,asiknya nonton hitam putih trans
6,positive,HitamPutihTransTV,2,@TRANS7 acara paling komplit dan menarik apalagi ada hitam putih,acara komplit tarik hitam putih
7,positive,HitamPutihTransTV,1,hitam putih T7 inspiratif banget,hitam putih t inspiratif banget
8,positive,HitamPutihTransTV,3,Suka banget dengan acara hitam putih,suka banget acara hitam putih
9,positive,HitamPutihTransTV,0,Keren lu bro #HitamPutihTrans7,keren bro
10,positive,HitamPutihTransTV,15,"Tadi ada yg liat hitam putih di trans7 ga, Ada sanggu ganteng",lihat hitam putih trans sanggu ganteng
11,positive,HitamPutihTransTV,2,cinta mengikat silaturahmi di hati ... #LunaMaya #hitamputihtrans7 .... https://www.instagram.com/p/BTqszJ3jO9A/,cinta ikat silaturahmi hati
12,positive,HitamPutihTransTV,10,Terima kasih pak.... Sudah mau membantu kami untuk menyekolahkan adik saya.... #hitamputihtrans7,terima kasih bantu sekolah adik
13,positive,HitamPutihTransTV,2,Semoga lancar hitamputihtrans7,moga lancar hitamputihtrans
14,positive,HitamPutihTransTV,1,Trans7 Hitam Putih terbaik https://www.instagram.com/p/BTYyTXMgVKd/,trans hitam putih baik
15,positive,HitamPutihTransTV,9,Acara hitam putih paling bagus buat di lihat,acara hitam putih bagus lihat
16,positive,HitamPutihTransTV,4,"@TRANS7 undang @DA3_Rafly di acara hitam putih ya,dia jebolan dangdut academi pinter nyanyi lagu india suaranya keren",undang acara hitam putih yadia jebol dangdut academi pintar nyanyi lagu india suara keren
17,positive,HitamPutihTransTV,12,"Bagus Rancangan Seperti ini di TRANS7 HitamPutih, Sambil2 Dakwah Hiburannya. Terima kasih Ustadz Wijayanto...",bagus rancang trans hitamputih dakwah hibur terima kasih ustadz wijayanto
18,positive,HitamPutihTransTV,3,"Wah kapan Rihanna bisa jadi bintang tamu Hitam Putih kayak di @ASAL_Trans7. jadi kangen, kapan tayang lagi di @TRANS7?",rihanna bintang tamu hitam putih kangen tayang
19,positive,HitamPutihTransTV,0,Terimakasih telah menonton Hitam Putih malam ini. Semoga dapat menginspirasi dan dapat memberikan pelajaran utk Sobat7. #RafatharonHP,terimakasih tonton hitam putih malam moga inspirasi ajar sobat
20,positive,HitamPutihTransTV,16,Acara hitam putih di trans7 topiknya bagus nih. Ttg Kepribadian ganda.,acara hitam putih trans topik bagus nih ttg pribadi ganda
21,positive,HitamPutihTransTV,17,Nonton kisah anastasya wella di #hitamputihtrans7 seru bgt ya kisahnya. Punya 9 kepribadian berbeda.,nonton kisah anastasya wella seru banget ya kisah pribadi beda
22,positive,HitamPutihTransTV,3,Yang bikin selalu rindu kalau jauh dari nya... #hitamputihtrans7,bikin rindu nya
23,positive,HitamPutihTransTV,5,@HitamPutih wihh hebat kakek neneknya @TRANS7,wihh hebat kakek nenek
24,positive,HitamPutihTransTV,11,Setelah menunggu sekian lama. Akhirnya @yukikatou2 nongol juga di HITAM PUTIH TRANS7,tunggu sekian nongol hitam putih trans
25,positive,HitamPutihTransTV,0,makin asik hitam putih,asik hitam putih
26,positive,HitamPutihTransTV,2,"Spensa Boys asal poso di hitam putih trans7 ASLI KALIAN KEREN!! yang pake kemeja biru putih, si gingsul ada salam dari sini",spensa boys poso hitam putih trans asli keren pakai kemeja biru putih si gingsul salam
27,positive,HitamPutihTransTV,6,Wahh asik nih vocalgrup #HitamPutih... thanks @TRANS7,wahh asik nih vocalgrup terimakasih
28,positive,HitamPutihTransTV,1,setiap hari aku slalu nonton Hitam Putih di Trans7. Hbs acara nya bagus banget mas Dedy.,nonton hitam putih trans habis acara nya bagus banget mas dedy
29,positive,HitamPutihTransTV,18,Acara Hitam Putih di Trans7 malam ini pembahasannya MANTAB! Setuju kalau bakal diperbanyak yang mengulas hal semacam ini,acara hitam putih trans malam bahas mantap tuju banyak ulas
30,positive,HitamPutihTransTV,2,lg seru nonton hitam putih.. terus lanjut nonton on the spot @indahmariana19 @hitamputiht7 @trans7,seru nonton hitam putih nonton on the spot
31,positive,HitamPutihTransTV,5,#HPJkt48 #JKT48HitamPutihT7 trio unyu di acara master Dedy.. Thanks #HitamPutih,trio lucu acara master dedy terimakasih
32,positive,HitamPutihTransTV,13,perusahaan jujur pasti punya pekerja yg jujur. #hitamPutihT7,usaha jujur kerja jujur
33,positive,HitamPutihTransTV,0,"Keren, undang mereka dong di acara HitamPutih atau acara presiden @news_trans7",keren undang acara hitamputih acara presiden
34,positive,HitamPutihTransTV,2,Suka banget sama episode Hitam Putih malam ini! #HitamPutih_Trans7,suka banget episode hitam putih malam
35,positive,HitamPutihTransTV,19,"Kangen jeketi jadi bintang tamu Hitam Putih Trans7, seru aja gitu pas jaman gen 1 diundang ke hitam putih",kangen jeket bintang tamu hitam putih trans seru pas jaman gen undang hitam putih
36,positive,HitamPutihTransTV,15,Terima kasih telah menyaksikan Hitam Putih hari ini. Semoga menginspirasi dan terhibur,terima kasih saksi hitam putih moga inspirasi hibur
37,positive,HitamPutihTransTV,1,makin ok saja hitam putih... mau donk di undang.....,ok hitam putih donk undang
38,positive,HitamPutihTransTV,2,Sangat menginspirasi. #hitamputihtrans7 #FOCUS Hari ini banyak inspirasi buat saya,inspirasi inspirasi
39,positive,HitamPutihTransTV,4,seru nih hitam putih trans7 live,seru nih hitam putih trans live
40,positive,HitamPutihTransTV,5,Bersyukurlah kita hidup di Indonesia #hitamputihtrans7,syukur hidup indonesia
41,positive,HitamPutihTransTV,15,"Setuju banget sama ucapan deddy corbuzier di Hitam Putih Trans7 hr ini. Guru tak perlu diberikan tanda jasa, cukup naikan gaji",tuju banget ucap deddy corbuzier hitam putih trans guru tanda jasa naik gaji
42,positive,HitamPutihTransTV,8,selamat siang selamat beraktivitas juga kami selalu menunggu hitam putih di chaenel kesayangan trans7,selamat siang selamat aktivitas tunggu hitam putih chaenel sayang trans
43,positive,HitamPutihTransTV,9,Ada @Stefan0Lilipaly & @andik_vermansah di #HitamPutihT7 Keren.. !!!,keren
44,positive,HitamPutihTransTV,4,"nonton trans7 hitam putih keren abis jesika cantik, dedy ganteng @hitamputihtrans7",nonton trans hitam putih keren habis jesika cantik dedy ganteng
45,positive,HitamPutihTransTV,1,acara hitam putih memang oke,acara hitam putih oke
46,positive,HitamPutihTransTV,5,"Yuk tweeps merapat, sebentar lagi Hitam Putih akan LIVE!",yuk tweeps rapat sebentar hitam putih live
47,positive,HitamPutihTransTV,0,"Tweeps terima kasih sudah menyaksikan Hitam Putih hari ini, besok kembali Live di @TRANS7 #HPViral",tweeps terima kasih saksi hitam putih besok live
48,positive,HitamPutihTransTV,1,#hitamputihtrans7 emang selalu keren.. siapapun tamunya..,emang keren tamu
49,positive,HitamPutihTransTV,11,"subhanallah, ni anak2 karunia yg tak ada bandingnya... trans7 hitamputih",subhanallah ni anak karunia banding trans hitamputih
50,positive,HitamPutihTransTV,10,"Sangat terkesan setelah mendengar salah satu dr mereka, jika saya adalah orang yg... maju terus hitam putih semoga sukses slalu",kes dengar salah orang maju hitam putih moga sukses
51,negative,HitamPutihTransTV,0,"Hitam putih bego, haruka diundang bentar biar pd liat younglex, udah gt malah dihina, Bego",hitam putih bodoh haruka undang bentar biar pd lihat younglex hina bodoh
52,negative,HitamPutihTransTV,10,"Miris liat pemerintah, Juara angkat berat se-asia tp tdk ada biaya mengikuti kejurnas.. #miris #hitamputihtrans7 ",miris lihat perintah juara angkat berat seasia biaya ikut kejurnas
53,negative,HitamPutihTransTV,5,"Juara 1 angkat berat Se-Asia, tdk menerima hadiahnya dan tidak bisa ikut kejurnas karena terkendala biaya #hitamputihtrans7",juara angkat berat seasia terima hadiah kejurnas kendala biaya
54,negative,HitamPutihTransTV,6,"haruka lain kali kalau diundang ke hitam putih ditolak aja, hostnya ga menghargai kamu",haruka kali undang hitam putih tolak hostnya harga
55,negative,HitamPutihTransTV,0,Berasa aneh nonton acara Hitam Putih tapi penonton nya anak yg sekolah di sekolah gua #smkjakarta1,asa aneh nonton acara hitam putih tonton nya anak sekolah sekolah
56,negative,HitamPutihTransTV,0,"sedih dengar curhatanmu, Roxana. Semoga Tuhan tunjukkan jalan dan titik terang utk Roxana #hitamputih #pegulat",sedih dengar curhatanmu roxana moga tuhan tunjuk jalan titik terang roxana
57,negative,HitamPutihTransTV,5,Miris ketika anak Indonesia kesulitan menggunakan Bahasa Indonesa dan lebih nyaman menggunakan bahasa asing #HitamPutihTrans7 #AkuIndonesia,miris anak indonesia sulit bahasa indonesa nyaman bahasa asing
58,negative,HitamPutihTransTV,0,"Sombongnya mentang2 kaya pake diumumkan, saya host kaya di Hitam Putih Trans7...!!!",sombong mentang kaya pakai umum host kaya hitam putih trans
59,negative,HitamPutihTransTV,2,parah banget hitam putih di Trans7. Ngomong sembarang. Yg merusak generasi muda acara kyk gini,parah banget hitam putih trans ngomong sembarang rusak generasi muda acara
60,negative,HitamPutihTransTV,0,Orang bangkrut itu bukan perkara soal uang tetapi bangkrut itu orang yang sudah tidak punya mimpi -BangQomar #HitamPutihT7,orang bangkrut perkara uang bangkrut orang mimpi bangqomar
61,negative,HitamPutihTransTV,0,Menakutkan Powernya Oma Martha #HitamPutihT7,takut powernya oma martha
62,negative,HitamPutihTransTV,0,"#hitamputihT7 jika hasilnya tdk sesuai dgn apa yg dikehendaki para pendemo akan demo lg, silakah jika ini diartikan sbg pemaksaan kehendak",hasil sesuai hendak demo demo sila arti paksa hendak
63,negative,HitamPutihTransTV,0,mulut farhat abas anjay bener di #HitamPutihT7,mulut farhat abas anjay bener
64,negative,HitamPutihTransTV,0,Klo episode berikutnya muncul lagi di @HitamPutihT7 saya ga bakal nonton lg hitam putih.. #hitamputiht7,episode muncul nonton hitam putih
65,negative,HitamPutihTransTV,0,Yaampun banyak anak kecil yang nonton #hitamputihT7,yaampun anak nonton
66,negative,HitamPutihTransTV,0,Seorang anak yg butuh pengakuan dari sang ayah #hitamPutihT7 @marioteguh,anak butuh aku sang ayah
67,negative,HitamPutihTransTV,3,Mario Teguh mencampakkan anak nya ? #HitamPutihT7,mario teguh campak anak nya
68,negative,HitamPutihTransTV,4,"Orang tuna netra aja bisa berbagi, kok yg pegang jabatan tinggi korupsi #HitamPutihT7",orang tuna netra bagi pegang jabat korupsi
69,negative,HitamPutihTransTV,0,@pandji garing banget sih ni orang #hitamputiht7,garing banget sih ni orang
70,negative,HitamPutihTransTV,0,"kalo sekarang yang nyanyi anak2,, tapi lagu Na ... Terlalu Menyakitkan Memalukan untuk disebutkan #savelaguanak #HitamputihT7",nyanyi anak lagu na sakit malu
71,negative,HitamPutihTransTV,3,bukan maksud ngatain tp cuma bertanya knp hanya orang kecil atau bawah yg ditindes? @HitamPutihT7 #HitamPutihT7,maksud orang ditindes
72,negative,HitamPutihTransTV,0,"Bos kau kalo cowo kerja salah di bentak abis, kalo cewe malah diajakin becanda trus ketawa #MyStupidBoss #HitamPutihT7",bos kau cowok kerja salah bentak habis cewek diajakin becanda tertawa
73,negative,HitamPutihTransTV,0,suara sang veteran kalau perlu koruptor di hukum mati! #hitamPutihT7,suara sang veteran koruptor hukum mati
74,negative,HitamPutihTransTV,0,Kok berita nya ga nyebar sih #HitamPutihT7 #Trans7,berita nya nyebar sih
75,negative,HitamPutihTransTV,0,"@HitamPutihT7 buta tuh orang, dalem ruangan pake kacamata hitam #HitamPutihT7",buta tuh orang dalem ruang pakai kacamata hitam
76,negative,HitamPutihTransTV,0,Ya dunia jadi terharu kepergian mbak jupe @hitamputih_trans7,ya dunia haru pergi mbak jupe
77,negative,HitamPutihTransTV,0,jadi gitu nasib atlet kita ya? @KEMENPORA_RI #HitamputihT7,nasib atlet ya
78,negative,HitamPutihTransTV,0,knp ya seorang sahabat bs lupa dg sahabatnya bila sudah bertemu teman lama / barunya? #HitamPutihT7,ya sahabat lupa sahabat temu teman baru
79,negative,HitamPutihTransTV,0,"Baby tatan nangis ngeliat daddy, @HitamPutihT7 #hitamputiht7",baby tatan nang daddy
80,negative,HitamPutihTransTV,4,angkat topi dan tundukkan kepala buat mbah simpen #hitamputihtrans7,angkat topi tunduk kepala mbah simpan
81,negative,HitamPutihTransTV,0,toleransi umat beragama macam apa yg diterapkan di Serang Banten? Toleransi hanya mitos #hitamPutihT7,toleransi umat agama terap serang banten toleransi mitos
82,negative,HitamPutihTransTV,2,suara sang veteran : kalau perlu koruptor di hukum mati! #hitamPutihT7,suara sang veteran koruptor hukum mati
83,negative,HitamPutihTransTV,0,Turut berduka buat anak nya buk pak #HitamPutihT7,duka anak nya buk
84,negative,HitamPutihTransTV,0,ingin kan hal yg baik tetapi belum tentu semua itu sesuatu yg diharapkan? #moreppie #hitamputihT7,harap
85,negative,HitamPutihTransTV,0,ga tau kenapa semua menjadi buruk ketika kau pergi #moreppie #hitamputihT7,tau buruk kau pergi
86,negative,HitamPutihTransTV,0,#HitamPutihT7 udah sodok ajah bu haha #TributeToWanitaIndonesia,sodok bu haha
87,negative,HitamPutihTransTV,0,butuh ketegasan dari pihak masyarakat dan pemerintah kita butuh tindakan bukan hanya ngoceh di medsos #HitamPutihT7 #PollingHitamPutih,butuh tegas masyarakat perintah butuh tindak oceh medsos
88,negative,HitamPutihTransTV,0,hidup itu harus dijalanin bukan dipikirin #hitamputiht7,hidup dijalanin dipikirin
89,negative,HitamPutihTransTV,0,Pemimpin itu adalah pribadi yang dikorbankan #HitamPutihT7,pimpin pribadi korban
90,negative,HitamPutihTransTV,2,"Hidup ini dijalanin, bukan dipikirin. Mongol Stres #hitamputiht7",hidup dijalanin dipikirin mongol stres
91,negative,HitamPutihTransTV,0,"#HitamPutihT7 Demo gak akan nyelesaikan masalah, harusnya bermusyawara ajha #HitamPutihT7",demo nyelesaikan bermusyawara ajha
92,negative,HitamPutihTransTV,0,#hitamputihT7 bayangkan kalau seluruh konvensional akan buat online dimana pengusahanya tdk perlu bayar apa2. yg perorangan pasti kalah,bayang konvensional online mana usaha bayar orang kalah
93,negative,HitamPutihTransTV,0,"lebih enak taksi konvensional, kalo kita kepepet ada taksi yg lewat langsung, kalau nunggu yg online lama. #HitamPutihT7 #OnlineVsKonvension",enak taksi konvensional pepet taksi langsung nunggu online
94,negative,HitamPutihTransTV,0,#hitamputiht7 apakah ada hal kaya gini di negara lain ? Intinya saya gk setuju usaha kaya gini #OnlineVSKonvensional,kaya negara inti tuju usaha kaya
95,negative,HitamPutihTransTV,0,"Gak punya Gadget, mahal, nipu / gk jelas argonya sering argo kuda dan gak aman pake konvensional #hitamputihtrans7",gadget mahal nipu argonya argo kuda aman pakai konvensional
96,negative,HitamPutihTransTV,0,"Hidup itu pilihan, jangan pasrah dengan keadaan",hidup pilih pasrah
97,negative,HitamPutihTransTV,0,#HitamPutihT7 Gawat darurat tetangga menembaki dg sengaja kucing2 disekitar rumah #komplekrumahelitbandung,gawat darurat tetangga tembak sengaja kucing sekitar rumah
98,negative,HitamPutihTransTV,0,"miris sekali liat keadaan hewan yg di aniaya, #HitamPutihT7 #hpsayangbinatang",miris lihat hewan aniaya
99,negative,HitamPutihTransTV,0,"hanya membicarakan permasalahan orang lain, memalukan",bicara masalah orang malu
100,negative,HitamPutihTransTV,0,dedy sombong nya keteraluan,dedy sombong nya alu
101,positive,IndonesiaLawyersClubTvOne,5,"Suka banget nonton #IndonesiaLawyersClub bisa menambah wawasan, bisa belajar cara membicarakan suatu masalah, keren @ILC_tvOnenews",suka banget nonton tambah wawas ajar bicara keren
102,positive,IndonesiaLawyersClubTvOne,1,"ngakak, mantap dah pokoknya seru",tertawa mantap pokok seru
103,positive,IndonesiaLawyersClubTvOne,3,RINDU ILC INDOBESIA LAWYERS CLUB DI TVONE,rindu ilc indobesia lawyers club tvone
104,positive,IndonesiaLawyersClubTvOne,10,"Indonesia Lawyers Club merupakan program talkshow paling ditunggu pemirsa tvOne, yang membahas topik2 terkini #9TAHUNTVONE",indonesia lawyers club program talkshow tunggu pirsa tvone bahas topik kini
105,positive,IndonesiaLawyersClubTvOne,11,Selalu kagum dengan Buya Syafii Maarif - ILC tvOne https://youtu.be/gPXSkLtAL5Y,kagum buya syafii maarif ilc tvone
106,positive,IndonesiaLawyersClubTvOne,0,"Saya punya Panglima yang membanggakan, ILC tvOne https://youtu.be/tR2tN1u7eAw",panglima bangga ilc tvone
107,positive,IndonesiaLawyersClubTvOne,14,Rating Indonesia Lawyers Club TV One Langsung Melesat #tvone #setelah411,rating indonesia lawyers club televisi one langsung lesat
108,positive,IndonesiaLawyersClubTvOne,4,Sejuk kalo ILC itu kayak gini obrolannya - ILC tvOne,sejuk ilc obrol ilc tvone
109,positive,IndonesiaLawyersClubTvOne,5,"semuanya nonton tvOne, Indonesia Lawyers Club yuk",nonton tvone indonesia lawyers club yuk
110,positive,IndonesiaLawyersClubTvOne,0,Belajar cara berdebat di bidang hukum #ilc,ajar debat bidang hukum
111,positive,IndonesiaLawyersClubTvOne,2,Selamat tayang kembali Indonesia Lawyers Club tvOne,selamat tayang indonesia lawyers club tvone
112,positive,IndonesiaLawyersClubTvOne,18,Ini yg bikin adem Hati.. Aa Gymnastiar #ilc,bikin adem hati aa gymnastiar
113,positive,IndonesiaLawyersClubTvOne,10,Ikhlas itu melepaskan dan mendoakan.. #ILC,ikhlas lepas doa
114,positive,IndonesiaLawyersClubTvOne,4,Bang @karniilyas cerdas ... #ILC hebat,bang cerdas hebat
115,positive,IndonesiaLawyersClubTvOne,3,pak Ustadz. keren banget.. #ILC,ustadz keren banget
116,positive,IndonesiaLawyersClubTvOne,3,#ilc saatnya damai bersenandung,damai senandung
117,positive,IndonesiaLawyersClubTvOne,9,Saatnya Damai Bersenandung #ILC dan Pemecah Belah Umat Beragama Dimusnahkan,damai senandung pecah belah umat agama musnah
118,positive,IndonesiaLawyersClubTvOne,11,Semoga makin paham seperti apa sejatinya rupa Indonesia #ILC,moga paham sejati rupa indonesia
119,positive,IndonesiaLawyersClubTvOne,7,ILC malam ini adem #indonesialawyersclub,ilc malam adem
120,positive,IndonesiaLawyersClubTvOne,19,"Indahnya ILC malam ini, semua pemuka agama saling rangkul dan setuju untuk meninggalkan kasus ahok yang merusak keselarasan bangsa #ILC",indah ilc malam muka agama rangkul tuju tinggal ahok rusak selaras bangsa
121,positive,IndonesiaLawyersClubTvOne,0,Setuju banget sama bapak ustad #ILC,tuju banget ustad
122,positive,IndonesiaLawyersClubTvOne,5,Top banget Utadz Zaitun Rasmin #ilc,top banget utadz zaitun rasmin
123,positive,IndonesiaLawyersClubTvOne,0,Yuk tonton TVOne selalu menyajikan berita2 obyektif #TVOneSllDihati,yuk tonton tvone saji berita obyektif
124,positive,IndonesiaLawyersClubTvOne,0,"#ilc,,, polmart memang bijaksana",polmart bijaksana
125,positive,IndonesiaLawyersClubTvOne,2,Rakyat mendukung KPK usut tuntas kasus e-KTP @karniilyas #ILCTVOne,rakyat dukung kpk usut tuntas ektp
126,positive,IndonesiaLawyersClubTvOne,0,Acara televisi yang sangat saya suka #ilcTvOne,acara televisi suka
127,positive,IndonesiaLawyersClubTvOne,6,ga sabar nunggu 2019!!! #ILCTvOne,sabar nunggu
128,positive,IndonesiaLawyersClubTvOne,11,semangat dan sehat selalu pak karni penonton setia menunggu ILC tayang kembali @karniilyas #ILCtvone,semangat sehat karni tonton setia tunggu ilc tayang
129,positive,IndonesiaLawyersClubTvOne,16,Adem dengerin nasehat dari Aa gym semoga sehat slalu dan dalam lindunganNYA #IslamJagaNKRI @GeneralGatot #ILCtvone,adem dengerin nasehat aa gym moga sehat lindung
130,positive,IndonesiaLawyersClubTvOne,2,"sangat banyak ilmu yang bisa kita serap di #ILCTVONE semalam, menyejukan",ilmu serap malam sejuk
131,positive,IndonesiaLawyersClubTvOne,3,#ILCtvone bangga kepada #PANGLIMATNI #JendralGatotNurmantyo,bangga
132,positive,IndonesiaLawyersClubTvOne,4,"Salut dengan komitmen Pak @GeneralGatot , tegas, berwibawa, inilah Jenderal sesungguhnya. #ILC411 #ILCtvone",salut komitmen wibawa jenderal sungguh
133,positive,IndonesiaLawyersClubTvOne,2,Hormat jendral... #ilctvone #keren #nextpresiden2019,hormat jendral
134,positive,IndonesiaLawyersClubTvOne,3,Aa gym.... Menyejukan mental dan jiwa #ilctvone,aa gym sejuk mental jiwa
135,positive,IndonesiaLawyersClubTvOne,5,Terimakasih buya Syafii @maarifinstitute . Bangga dg kejernihaannya #ilctvone,terimakasih buya syafii bangga kejernihaannya
136,positive,IndonesiaLawyersClubTvOne,16,Penjelasan Kapolri jelas dan tegas. Barakallahu. Mari buka hati #ilctvone  #JagaNKRI,jelas kapolri barakallahu mari buka hati
137,positive,IndonesiaLawyersClubTvOne,19,"jika kita memiliki kasih,  seharusnya saling memaafkan jika ada org yg sudah mau minta maaf, itu baru keren, salut. #ilctvone",milik kasih maaf orang maaf keren salut
138,positive,IndonesiaLawyersClubTvOne,10,"#Ilctvone @jonru @hafidz_ary @AHMADDHANIPRAST sampe diketawain, krn awalnya kalem, diujung keringat dingin matanya merem asli lucu",diketawain kalem ujung keringat dingin mata merem asli lucu
139,positive,IndonesiaLawyersClubTvOne,9,Ahmad Dhani ngomong Pasti seru ini.... #ILCTVOne,ahmad dhani ngomong seru
140,positive,IndonesiaLawyersClubTvOne,15,"Mendengar pendapat pak hasim muzadi sangat menentramkan, keren #ilctvone",dengar dapat hasim muzadi menentramkan keren
141,positive,IndonesiaLawyersClubTvOne,13,Salut dan hormat utk bang jhonson panjaitan lugas dan masuk akal... #ILCtvone,salut hormat bang jhonson panjaitan lugas masuk akal
142,positive,IndonesiaLawyersClubTvOne,6,Kompak dan sama  pembelaan antara BNN n Polisi...  #ilctvone,kompak bela bnn n polisi
143,positive,IndonesiaLawyersClubTvOne,12,Keren kali abang pengacara botak ini #ILCTvOne,keren kali abang acara botak
144,positive,IndonesiaLawyersClubTvOne,18,Jokowi ini org betul2 soleh.. hendropriyono #ilctvone,jokowi orang soleh hendropriyono
145,positive,IndonesiaLawyersClubTvOne,5,Top n mencerahkan prof @mohmahfudmd ..! #ilctvone,top n cerah prof
146,positive,IndonesiaLawyersClubTvOne,12,Media dukung Ahok karena pendapatan iklan dari korporasi juga besar. #ILCtvone,media dukung ahok dapat iklan korporasi
147,positive,IndonesiaLawyersClubTvOne,4,@ILC_tvOnenews keren bikin melek #ilctvone,keren bikin melek
148,positive,IndonesiaLawyersClubTvOne,5,Salut sama pak Darmawan Salihin...  #ILCTVONE,salut darmawan salihin
149,positive,IndonesiaLawyersClubTvOne,6,semga ilc tetap jadi memberikan informasi yang benar,semga ilc informasi
150,positive,IndonesiaLawyersClubTvOne,7,"acara debat yag hebat, keren #ILC",acara debat yag hebat keren
151,negative,IndonesiaLawyersClubTvOne,0,Yang di tunggu bukan tvshow tapi INDONESIA LAWYERS CLUB. TVshow tidak cocok dengan karakter siaran tvone!,tunggu tvshow indonesia lawyers club tvshow cocok karakter siar tvone
152,negative,IndonesiaLawyersClubTvOne,2,"Indonesia Lawyers Club TvOne malam ini sepertinya batal tayang lagi. memalukan Rezim ini terlalu sakit, sehingga takut http://fb.me/18pYNAcs",indonesia lawyers club tvone malam batal tayang malu rezim sakit takut
153,negative,IndonesiaLawyersClubTvOne,5,Potensi teroris sangat besar. Jangan bikin pernyataan yg memberi peluang pd teroris #ILC,potensi teroris bikin nyata peluang pd teroris
154,negative,IndonesiaLawyersClubTvOne,0,"Indonesia banyak masalah tp gak ada sikap tegas dr pak presiden, ditanya di demo malah sibuk pencitraan & upload video gak penting! #ILC",indonesia sikap presiden demo sibuk citra upload video
155,negative,IndonesiaLawyersClubTvOne,0,"Kalau melihat acara #ILC Membidik Habieb Rizieq, Habieb ga perlu pulang ke Indonesia. Ga penting. Ga mutu.",acara bidik habieb rizieq habieb pulang indonesia mutu
156,negative,IndonesiaLawyersClubTvOne,0,"@Busyro_Muqoddas : Minoritas ekonomi kuat menguasai Mayoritas Ekonomi lemah, tidak pernah dibahas, inilah sumber radikal, miris #ILC @karnii",minoritas ekonomi kuat kuasa mayoritas ekonomi lemah bahas sumber radikal miris
157,negative,IndonesiaLawyersClubTvOne,0,sekali lg mengingatkan @aniesbaswedan untuk jaga jarak dg Islamis radikal jika tak ingin melihat bangsa ini hancur. #ILC,jaga jarak islamis radikal bangsa hancur
158,negative,IndonesiaLawyersClubTvOne,0,omongannya ga menarik. ga berisi. #ILC,omong tarik isi
159,negative,IndonesiaLawyersClubTvOne,0,Anis difitnah katanya dia... #ILC,anis fitnah
160,negative,IndonesiaLawyersClubTvOne,2,Sebuah pertanyaan kepada metromini utk dijadikan metronome yang dibentuk oleh kemacetan yang cukup padat di berikan oleh putra petir. #ilc,metromini jadi metronome bentuk macet padat putra petir
161,negative,IndonesiaLawyersClubTvOne,0,"buat para pembela AHOK, Cek cara berpikirnya, masa kalah sama ANAK SD. #AhokHarusDipenjara @ILC_tvOnenews #ILC",bela ahok cek pikir kalah anak sd
162,negative,IndonesiaLawyersClubTvOne,0,@MataNajwa kok kayak provokatif ya pembawa acaranya. Beda kelas dg #ILC @ILC_tvOnenews,provokatif ya bawa acara beda kelas
163,negative,IndonesiaLawyersClubTvOne,0,"Saya pribadi tdk suka dgn acara Mata Najwa dan ILC, tdk menyelesaikan masalah kayaknya. #matanajwa #ILC",pribadi suka acara mata najwa ilc selesai kayak
164,negative,IndonesiaLawyersClubTvOne,0,Benarkah kebohongan yang diulang-ulang... #iLc,bohong diulangulang
165,negative,IndonesiaLawyersClubTvOne,0,Diracun dengan pujian.. #ILC,racun puji
166,negative,IndonesiaLawyersClubTvOne,0,"males nonton, Topik #ILC ga kekinian.",malas nonton topik kini
167,negative,IndonesiaLawyersClubTvOne,3,Meskipun kebohongan itu lari secepat kilat satu waktu kebenaran akan mengalahkannya #ILC,bohong lari cepat kilat benar kalah
168,negative,IndonesiaLawyersClubTvOne,0,"org yg namanya tampang Nabi tp hati Iblis, sesuai dgn pernyataan pengacara Nazarudin #ILC",orang nama tampang nabi hati iblis sesuai nyata acara nazarudin
169,negative,IndonesiaLawyersClubTvOne,0,"para pejabat sedang sibuk membicarakan ""HAK ANGKET"", #ILC tv0ne http://fb.me/2RGmoq4cL",jabat sibuk bicara hak angket tvne
170,negative,IndonesiaLawyersClubTvOne,0,saya paham bahwa saya gagal paham...  #ILC,paham gagal paham
171,negative,IndonesiaLawyersClubTvOne,0,"ngomong segitu panjang, gak dapet maksudnya mau apa... #aneh #ilc",ngomong segitu dapet maksud
172,negative,IndonesiaLawyersClubTvOne,0,"Sumpah liat mukanya #FahriHamzah di #ILC pengen gw lempar pake sepatu,, nyebelin bgt",sumpah lihat muka lempar pakai sepatu nyebelin banget
173,negative,IndonesiaLawyersClubTvOne,0,Percuma pak. fahri dower itu masih sakit hati sama KPK. #ILC,fahri dower sakit hati kpk
174,negative,IndonesiaLawyersClubTvOne,0,"DPR TERUSIK,, KPK DIBIDIK #ILC",dpr usik kpk bidik
175,negative,IndonesiaLawyersClubTvOne,0,@ReflyHZ Ajarin dewan ttg hak angket !!! #ILC,ajarin dewan ttg hak angket
176,negative,IndonesiaLawyersClubTvOne,0,"Saya rakyat, tp saya jg kadang ga seneng lihat cara nya yg superbodi, kok kyknya tebang pilih jg.. #ILC",rakyat kadang senang lihat nya superbodi tebang pilih
177,negative,IndonesiaLawyersClubTvOne,2,#ILC merajut jakarta kembali setelah tercabik cabik karena kepemimpinan masa lalu,rajut jakarta cabik cabik pimpin
178,negative,IndonesiaLawyersClubTvOne,5,"@karniilyas maksudnya, cinta akan uang adalah akar kejahatan #ILCTVOne",maksud cinta uang akar jahat
179,negative,IndonesiaLawyersClubTvOne,0,Makin hari makin geram ngeliat tingkah laku dan akhlaq oknum yang mengatasnama kan ISLAM #ILCTVONE,geram tingkah laku akhlaq oknum mengatasnama islam
180,negative,IndonesiaLawyersClubTvOne,2,"Pembohongan publik itu, ketika rambut udah putih beruban tapi di cat hitam #ilctvone",bohong publik rambut putih uban cat hitam
181,negative,IndonesiaLawyersClubTvOne,0,"#MataNajwa meskipun beda kelas sm #ILCTVOne knp masih bebas tanpa pembatalan, Tanya kenapa?????",beda kelas bebas batal
182,negative,IndonesiaLawyersClubTvOne,0,"Nonton ILC tokoh betawi bilang, org betawi itu gampang intinya, ""bacot lu jaga.."" jadi itulah intinya.. #ilctvone",nonton ilc tokoh betawi bilang orang betawi gampang inti bacot jaga inti
183,negative,IndonesiaLawyersClubTvOne,0,"Merajut kembali Jakarta? Gampang kok. ""Bacot lu jaga"" #ILCTVOne",rajut jakarta gampang bacot jaga
184,negative,IndonesiaLawyersClubTvOne,0,buya safii maarif yg lebih tua kalah bijak dari nasihat bung eep yg jauh lebih muda #ILCtvOne,buya safi maarif tua kalah bijak nasihat eep muda
185,negative,IndonesiaLawyersClubTvOne,0,Merampas hak dasar sebagai manusia harus batal demi hukum #ILCTvOne,rampas hak dasar manusia batal hukum
186,negative,IndonesiaLawyersClubTvOne,0,Pihak polisi kasihan jadi terlihat sangat bodoh berhadapan dengan argumentasi hukum dan pakar IT #IlcTvOne,polisi kasihan bodoh hadap argumentasi hukum pakar it
187,negative,IndonesiaLawyersClubTvOne,0,"itu bapak Abi Manyu kasian.... beliau tidak paham WhatsApp, miris #ilctvone",abi manyu kasihan beliau paham whatsapp miris
188,negative,IndonesiaLawyersClubTvOne,0,Bintang #ILCtvOne pun muncul #AaGym Tidak ada partai atau tokoh manapun yang sanggup menggerakkan orang http://fb.me/2WDYOkqZU,bintang muncul partai tokoh mana sanggup gerak orang
189,negative,IndonesiaLawyersClubTvOne,0,"Menghimbau jangan terprovokasi, tp memantik kebencian.. Tidak meneduhkan tp membuat mendung.. #ILCTvOne",menghimbau provokasi mantik benci teduh mendung
190,negative,IndonesiaLawyersClubTvOne,0,Tindakan anarkis pada saat aksi bukan oleh pendemo #ILCTvOne #SaveHmI,tindak anarkis aksi demo
191,negative,IndonesiaLawyersClubTvOne,0,"Sepenting apapun itu, ingat kita akan mati, seram #ILCtvone",penting apa mati seram
192,negative,IndonesiaLawyersClubTvOne,0,"siapa lagi? ketua preman pasar ikutan ngomong, memalukan #ILCtvone",ketua preman pasar ikut ngomong malu
193,negative,IndonesiaLawyersClubTvOne,0,"jgn krn cuma jaga moral dr konten porno, negara ini darurat radikalisme, mau tunggu perang kyk di suriah baru kpi sadar? #ILCTVONE",jaga moral konten porno negara darurat radikalisme tunggu perang suriah kpi sadar
194,negative,IndonesiaLawyersClubTvOne,0,kami butuh fakta bukti bukan hanya ngomong kebohongan #ILCTVOne,butuh fakta bukti ngomong bohong
195,negative,IndonesiaLawyersClubTvOne,2,Kasian ya yg bapak2 berpeci pake batik merah tadi air mata nya dikeluarin cuma krn ahoax #miris #ILCtvone,kasihan ya peci pakai batik merah air mata nya dikeluarin ahoax
196,negative,IndonesiaLawyersClubTvOne,0,"Syaiton itu musuhmu, jgn dijadikan sbg teman Manusia bs kesetanan, tp setan tdk bs kemanusiaan... #insyaflahwahaimanusia #ILCtvone",syaiton musuh jadi teman manusia setan setan manusia
197,negative,IndonesiaLawyersClubTvOne,0,"#ILCtvone mendengar cerita bu marwah aku merasa bodoh, memalukan",dengar cerita bu marwah bodoh malu
198,negative,IndonesiaLawyersClubTvOne,0,#ILCTVONE ini bang gaya nya benar2 pemikiran liberal miris sekali,bang gaya nya pikir liberal miris
199,negative,IndonesiaLawyersClubTvOne,0,Sesat pikir para pengamat #taxamnesti #ILCtvone,sesat pikir amat
200,negative,IndonesiaLawyersClubTvOne,0,berbicara kelamaan ribet #ILC,bicara ribet
201,positive,KickAndyMetroTV,4,"ih lucu, mas kick andy nya senyum2 aja",ih lucu mas kick andy nya senyum
202,positive,KickAndyMetroTV,2,nonton pak hasan Merkids di kick andy sangat menginspirasi salut pak hasan,nonton hasan merkids kick andy inspirasi salut hasan
203,positive,KickAndyMetroTV,11,cara Ubah Mimpimu Jadi Tindakan Kick Andy,ubah mimpi tindak kick andy
204,positive,KickAndyMetroTV,3,Kickandy gokil #kickandy,kickandy gokil
205,positive,KickAndyMetroTV,13,"Terima kasih sudah menonton acara #kickandy eps ubah mimpimu jadi tindakan, semoga bermanfaat",terima kasih tonton acara eps ubah mimpi tindak moga manfaat
206,positive,KickAndyMetroTV,15,Temukan lentera jiwamu #kickandy #mahasiswaum,temu lentera jiwa
207,positive,KickAndyMetroTV,9,Agung.. Saya akan undang lagi.. Untuk bercerita banyak tentang perjalanan kehidupanmu.. #KickAndy,agung undang cerita jalan hidup
208,positive,KickAndyMetroTV,4,PARA MUSISI YG MENGGELORAKAN SEMANGAT NASIONALISME DAN KEBHINEKAAN UNJUK GIGI #KICKANDY NKRI HARGA MATI...,musisi gelora semangat nasionalisme kebhinekaan unjuk gigi nkri harga mati
209,positive,KickAndyMetroTV,7,Anak2 mulai berimajinasi. #kickandy,anak imajinasi
210,positive,KickAndyMetroTV,2,CARA GILA MENDAKI GUNUNG #KickAndy Luar Biasa Mantap Jiwa,gila daki gunung mantap jiwa
211,positive,KickAndyMetroTV,0,sayangilah alam niscaya alam akan menyayangimu #kickAndy,sayang alam niscaya alam sayang
212,positive,KickAndyMetroTV,12,mantan narapidana pun dirangkulnya untuk dicarikan pekerjaan untuk menjalani hidup yg lbh baik lagi,mantan narapidana rangkul cari kerja jalan hidup
213,positive,KickAndyMetroTV,5,Agung @eevnxx mampu membuktikan sebuah karya yg mengagumkan bisa dihasilkan dgn belajar scr otodidak,agung bukti karya kagum hasil ajar otodidak
214,positive,KickAndyMetroTV,7,Salah satu kejadian yang membuat penonton tertawa saat agung hapsah muncul #KickAndy,salah jadi tonton tertawa agung hapsah muncul
215,positive,KickAndyMetroTV,5,Agung akan diundang  Untuk bercerita banyak tentang perjalanan kehidupanmu.. #KickAndy,agung undang cerita jalan hidup
216,positive,KickAndyMetroTV,0,Jatuh lalu bangkit Untuk membantu sesama #Kickandy,jatuh bangkit bantu
217,positive,KickAndyMetroTV,4,Rasa bangga itu ada setelah saya bs menyumbang karya kecil buat NKRI Ronny #KickAndy patut acungi jempol,bangga sumbang karya nkri ronny patut acung jempol
218,positive,KickAndyMetroTV,3,"Sahabat Gimbal Alas, nanti malam jangan lupa ya nonton #KickAndy Cara Gila Mendaki Gunung ala Cak Tarpin",sahabat gimbal alas malam lupa ya nonton gila daki gunung ala cak tarpin
219,positive,KickAndyMetroTV,6,"Hanya orang takut yang bisa berani, karena keberanian http://ekhs7903.m.nomor1.com/ekhs7903/menulis-adalah-kesenangan-saya.htm … #kickandy",orang takut berani berani
220,positive,KickAndyMetroTV,5,#kickandy Anda hanya dekat dengan mereka yang Anda sukai. Dan Anda menghindari orang yag tidak Anda sukai,suka hindar orang yag suka
221,positive,KickAndyMetroTV,14,Anak 16Th yang berfikir dewasa mampu mampu membiyayai sekolahnya sendiri dengan cara membajak sawah #kickandy @Metro_TV @MetroTVToday,anak th berfikir dewasa membiyayai sekolah bajak sawah
222,positive,KickAndyMetroTV,5,"kangen lagi nonton #kickandy sama ayah, ayah langsung bilang, seharusnya kamu bersyukur",kangen nonton ayah ayah langsung bilang syukur
223,positive,KickAndyMetroTV,0,#kickandy @KickAndyShow siang ini jg jadi ajang reuni sahabat kosti DKI dan kosti Jateng,siang ajang reuni sahabat kosti dki kosti jawa tengah
224,positive,KickAndyMetroTV,0,Bapak ku lucu ya #kickandy,ku lucu ya
225,positive,KickAndyMetroTV,5,"besok pagi harus UTS, jd pulang duluan cuma poto bareng gambarnya #kickandy @KickAndyShow",besok pagi uts pulang duluan foto bareng gambar
226,positive,KickAndyMetroTV,3,Bahagianya Masuk Tv bersama Kawan #kickandy @ Kick Andy… https://www.instagram.com/p/BTGua2KhkXQ/,bahagia masuk televisi kawan kick andy
227,positive,KickAndyMetroTV,0,Keren dan kocak nih tamu #kickAndy mereka-mereka yg memang lomba design yg berasal dari Malang,keren kocak nih tamu merekamereka lomba design asal malang
228,positive,KickAndyMetroTV,11,"lucu ni bapak, bikin ketawa terus, persis kayak di tv #kickandy http://ift.tt/2o1rW9W",lucu ni bikin tertawa persis televisi
229,positive,KickAndyMetroTV,16,Terima Kasih #kickandy sudah menginspirasi saya membuka mata banyak orang karena kesetiaan yang teruji itulah Cinta yang sesungguhnya,terima kasih inspirasi buka mata orang setia uji cinta sungguh
230,positive,KickAndyMetroTV,8,Cinta itu agung. Tuhan itu luar biasa. #KickAndy,cinta agung tuhan
231,positive,KickAndyMetroTV,9,riasan terbaik seorang wanita adalah semangat dan rasa percaya dirinya.. #kickandy,rias baik wanita semangat percaya
232,positive,KickAndyMetroTV,5,Nonton #kickandy. Menginspirasi sekali,nonton inspirasi
233,positive,KickAndyMetroTV,8,"#kickandy kita mendukung Ahok, karena orang baik @KickAndyShow @Metro_TV",dukung ahok orang
234,positive,KickAndyMetroTV,6,Mantap pak ahok #kickandy,mantap ahok
235,positive,KickAndyMetroTV,2,Manusia bersih pasti berani #KickAndy #TamuAhok,manusia bersih berani
236,positive,KickAndyMetroTV,4,Suka dengan nasehat Pak Analta Amir yg meminta Ahok menyaring ucapan #kickand,suka nasehat analta amir ahok nyaring ucap
237,positive,KickAndyMetroTV,9,"Nonton #kickandy Menarik, membuka pikiran, menginspirasi. Sukses selalu",nonton tarik buka pikir inspirasi sukses
238,positive,KickAndyMetroTV,4,inilah jagoan saya!! hahahaha #kickandy,jago hahahaha
239,positive,KickAndyMetroTV,12,Salut lah sama orang2 kek gitu #kickandy,salut orang
240,positive,KickAndyMetroTV,6,@KickAndyShow semoga tambah ok dan panjang umur. semoga acara nanti malam lancar #kickandy,moga ok umur moga acara malam lancar
241,positive,KickAndyMetroTV,14,Ajang orang-orang saling menginspirasi. #kickandy #kickandyheroes2017,ajang orangorang inspirasi
242,positive,KickAndyMetroTV,11,"Suara Penta Boys ini memang keren banget, pantas jadi juara 1 di Rumania #KickAndy",suara penta boys keren banget juara rumania
243,positive,KickAndyMetroTV,4,penta Boys ini masih eksis saja dan saya suka suara mereka. Keren #KickAndyp,penta boys eks suka suara keren
244,positive,KickAndyMetroTV,8,"Rupanya, terselip beberapa detik di Kick Andy. Keren dan luar biasa",selip detik kick andy keren
245,positive,KickAndyMetroTV,4,Terimakasih #kickAndy,terimakasih
246,positive,KickAndyMetroTV,17,Tayangan yang sangat inspiratif yang banyak memberi motivasi kepada kita untuk lebih bisa mencintai orang-orang disabilitas #kickandy,tayang inspiratif motivasi cinta orangorang disabilitas
247,positive,KickAndyMetroTV,17,"perjuagan mereka istimewa, krn mampu menembus keterbatasan sbg rasa syukur pada Allah, sangat menginspirasi. #KickAndy",perjuagan istimewa tembus batas syukur allah inspirasi
248,positive,KickAndyMetroTV,2,Syukurilah atas kehidupanmu saat ini #kickandy,syukur hidup
249,positive,KickAndyMetroTV,6,"Acara yang sangat menginspirasi sekali, salut #kickandy",acara inspirasi salut
250,positive,KickAndyMetroTV,4,"suka dengan semua tamu yang diundang, pasti menginspirasi #kickandy",suka tamu undang inspirasi
251,negative,KickAndyMetroTV,5,kalo udah di puncak jangan lupa sampahnya di bawa turun lagi karena alam bukan tempat nyampah stop nyampah di gunung #kickandy,puncak lupa sampah bawa turun alam nyampah stop nyampah gunung
252,negative,KickAndyMetroTV,0,RT @KickAndyShow: 61 WNA terancam dideportasi dan lia @gracialia terancam dipidanakan,rt wna ancam deportasi lia ancam pidana
253,negative,KickAndyMetroTV,0,Lebih baik menyalakan lilin daripada mengumpat kepada kegelapan #pejuangtangguh #kickandy,nyala lilin umpat gelap
254,negative,KickAndyMetroTV,0,"aku ga mau bohongi diri sendiri. Gimbal Alas, Malang. #kickandy",bohong gimbal alas malang
255,negative,KickAndyMetroTV,0,sampan tidak akan dapat belayar di padang pasir betapa pun jua emp http://ilha8253.m.nomor1.net/ilha8253/1001-burung-kertas.htm … #kickandy,sampan bayar padang pasir betapa emp
256,negative,KickAndyMetroTV,0,"Bila kita mencari uang, kita akan dipaksa mengupayakan jangan malas http://ln.is/m.nomor1.com/KfMAp … #kickandy",cari uang paksa upaya malas
257,negative,KickAndyMetroTV,3,"Dalam hidup, terkadang kita lebih banyak mendapatkan apa yang tidak kita inginkan #NOMOR1.net #kickandy",hidup terkadang
258,negative,KickAndyMetroTV,0,"Cobaan suami saat istri sakit, cobaan istri saat suami gak punya duit, miris #kickandy",coba suami istri sakit coba istri suami duit miris
259,negative,KickAndyMetroTV,0,"Terharu mendengar puisi ""Perempuan yang tak berhenti terjaga"" dari anak-anak Ibu Shinta Nuriyah, miris #kickandy",haru dengar puisi perempuan henti jaga anakanak shinta nuriyah miris
260,negative,KickAndyMetroTV,0,"anak itu milik berdua, bukan milik salah satu, bantulah istri mengasuh anak, seperti itu #Gusdur #kickandy",anak milik dua milik salah bantu istri asuh anak
261,negative,KickAndyMetroTV,0,"ujian suami adalah saat istri sakit, dan ujian istri adalah saat suami tidak punya apa-apa #kickandy",uji suami istri sakit uji istri suami apaapa
262,negative,KickAndyMetroTV,0,#kickandy Bung Andy cuma mampir dgn gaya remaja sbg idola remaja dan tidak sempat beli,andy mampir gaya remaja idola remaja beli
263,negative,KickAndyMetroTV,0,"Kelemahan Anda hanyalah sementara, karena Anda sedang memperkuatnya, tetapi bila Anda jadi #tekcmi144 #kickandy",lemah kuat
264,negative,KickAndyMetroTV,0,Kekuatan terbesar yang mampu mengalahkan stress adalah kemampuan memilih pikiran yang tepat. kita akan #hermafik95 #kickandy,kuat besar kalah stress mampu pilih pikir
265,negative,KickAndyMetroTV,0,Itu yg saya kesel. Coba kalo sodara km ngantri ke kanker. Coba km rasain. Kok bs gitu fitnah org. #KickAndy #SuaraHatiAhok,kesel coba saudara antri kanker coba rasain fitnah orang
266,negative,KickAndyMetroTV,0,"Klo pulang ke rumah, mati. Ga ada yg urus. Miskin kok. Kita mw taruh dia di apartemen #KickAndy #SuaraHatiAhok",pulang rumah mati urus miskin taruh apartemen
267,negative,KickAndyMetroTV,0,Kalo dia berantem tdk ada telor busuk diketeknya #kickandy #pilkadadki,antem telor busuk ketek
268,negative,KickAndyMetroTV,4,Pak @basuki_btp mukanya sedih banget pas kakak2 angkatnya ngomong. #kickAndy,muka sedih banget pas kakak angkat ngomong
269,negative,KickAndyMetroTV,0,Andy terlihat kaku dan jaga sikap saat mengundang Ahok menjadi tamu. Mungkin agar terlihat lebih formal #kickandy,andy kaku jaga sikap undang ahok tamu formal
270,negative,KickAndyMetroTV,0,Makin stress makin ngantuk #ahok #kickandy,stress ngantuk
271,negative,KickAndyMetroTV,0,"Jangan melihat orang dari cover nya aja, tapi lihat lah dia dari sisi lain nya. Fisik bisa saja sm namun isinya berbeda. #KickAndy",orang cover nya lihat sisi nya fisik isi beda
272,negative,KickAndyMetroTV,0,kayak gajah yg dibilang psikolog di @Metro_TV #KickAndyMetroTv,gajah bilang psikolog
273,negative,KickAndyMetroTV,0,Jangan di bakarin dong pak andy @KickAndyShow #kickandymetrot,bakarin andy
274,negative,KickAndyMetroTV,0,bikin sakit perut nonton kisah sarjana tertua di indonesia.. #KickAndyMetroTv,bikin sakit perut nonton kisah sarjana tua indonesia
275,negative,KickAndyMetroTV,3,Pekerjaan yg tdk sesuai dengan kualifikasi pendidikannya #KickAndyMetroTV,kerja sesuai kualifikasi didik
276,negative,KickAndyMetroTV,0,"Tp ttp tdk msk surga, jd ibadahnya sia2 hahaah RT @melanjhe: sp bilang orang bertato tdk boleh beribadah?!? #kickandymetrotv",ttp msk surga ibadah sia hahaah rt sp bilang orang tato ibadah
277,negative,KickAndyMetroTV,0,orang bertato tdk boleh beribadah?!? #kickandymetrotv,orang tato ibadah
278,negative,KickAndyMetroTV,0,Apakah kamu bodoh? Tidak!.. Kamu di bodohi oleh suatu sistem Mike-marjinal @kickandymetrotv,bodoh bodoh sistem mikemarjinal
279,negative,KickAndyMetroTV,9,"Gimana soal UN g bs bocor, pertanyaan Malaikat di alam kubur aja udah bocor. #KickAndyMetroTV",un bocor malaikat alam kubur bocor
280,negative,KickAndyMetroTV,0,Masa ada anak lulus dg nilai palingg tinggi dan lulus SNMPTN Undangan bidik misi pdhl dia susah sekali... @SBYudhoyono #kickandymetrotv,anak lulus nilai palingg lulus snmptn undang bidik misi susah
281,negative,KickAndyMetroTV,0,"Orang Belanda aja peduli sama orang2 indonesia yg berada d daerah terisolir, gimana dg pemerintah indonesia? Zhonk kickandyMetroTV",orang belanda peduli orang indonesia d daerah isolir perintah indonesia zhonk kickandymetrotv
282,negative,KickAndyMetroTV,0,Merinding deh nonton #KickAndyMetroTV,merinding deh nonton
283,negative,KickAndyMetroTV,0,Indonesia2. Bahkan kita dididik untuk menjadi rusak.. #kickandymetrotv,indonesia didik rusak
284,negative,KickAndyMetroTV,0,Parahnya kualitas pendidikan di Indonesia  #kickandymetrotv,parah kualitas didik indonesia
285,negative,KickAndyMetroTV,0,demi apapun ya kick andy sekarang botak?  #kickandymetrotv,apa ya kick andy botak
286,negative,KickAndyMetroTV,3,jadi merasa malu krn kalah dari org yg tdk sempurna tapi mempunyai yg lebih dari org sempurna #kickandymetrotv,malu kalah orang sempurna orang sempurna
287,negative,KickAndyMetroTV,0,Hukum di Indonesia masih jauh dari kata ADIL #KickAndyMetroTV,hukum indonesia adil
288,negative,KickAndyMetroTV,0,"aku kira makin tua makin keladi, malah jd macan ompong. Melempem. kecewa liat amin rais di @kickandymetrotv",tua keladi macan ompong melempem kecewa lihat amin rais
289,negative,KickAndyMetroTV,0,"#kickAndyMetroTV MEDIA harus mengisi lebih banyak ttg kisah sukses di TV, bukan gosip, berita rusuh & acara2 GG JELAS, tai kucing!! #CATET",media isi ttg kisah sukses televisi gosip berita rusuh acara tai kucing
290,negative,KickAndyMetroTV,5,"#kickAndyMetroTV jika ingin dihargai orang, hargailah orang lain juga",harga orang harga orang
291,negative,KickAndyMetroTV,0,Dibawah sana banyak yg lebih sulit jangan banyak mengeluh #kickandymetrotv,bawah sulit keluh
292,negative,KickAndyMetroTV,0,"Hidup adalah  perjuangan yang melelahkan, capek #kickandy",hidup juang lelah capek
293,negative,KickAndyMetroTV,0,Orang-orang yang berhenti belajar akan menjadi bodoh  #kickandy http://untub6158.m.humandesignindonesia.com/untub6158/rahasia-dalam-memikat-,orangorang henti ajar bodoh
294,negative,KickAndyMetroTV,0,"Ambillah waktu untuk berfikir, jangan jadi perusak #kickandy http://koepb3112.m.networknumberone.com/koepb3112/tak-ada-yang-berubah-meski-sa",ambil berfikir usak
295,negative,KickAndyMetroTV,0,miris ketika melihat banyak perusak di indonesia #kickandy,miris usak indonesia
296,negative,KickAndyMetroTV,0,sistem Mike-marjinal banyak membodohi orang #kickandy,sistem mikemarjinal bodoh orang
297,negative,KickAndyMetroTV,0,stress melihat semua kekacauan yang ada #kickandy,stress kacau
298,negative,KickAndyMetroTV,0,"kesel banget, coba kalian ada di posisi pak ahok #kickandy",kesel banget coba posisi ahok
299,negative,KickAndyMetroTV,0,"coba pulang kerumah, mati. Ga ada yg urus. Miskin kok. Kita akan taruh dia di apartemen #KickAndy #SuaraHatiAhok",coba pulang rumah mati urus miskin taruh apartemen
300,negative,KickAndyMetroTV,0,"tidak ada orang bodoh, yang ada hanya orang malas",orang bodoh orang malas
301,positive,MataNajwaMetroTV,15,"Setuju. Al misbah, mata najwa dan kick andy program favorit",tuju al misbah mata najwa kick andy program favorit
302,positive,MataNajwaMetroTV,0,Metro_TV Mata Najwa: Pancasila Punya Kita http://metrotvn.ws/zNAj3qeb,metro tv mata najwa pancasila
303,positive,MataNajwaMetroTV,2,"Selera gue ini gatau akhir2 ini suka banget nonton metro tv kalo ga kick andy mata najwa, selera menua",selera tau suka banget nonton metro televisi kick andy mata najwa selera tua
304,positive,MataNajwaMetroTV,3,Mantap Mata Najwa. Pasti seru nih,mantap mata najwa seru nih
305,positive,MataNajwaMetroTV,0,Sahabat2.. yuk nonton Mata Najwa di Metro TV bersama Ketua Umum DPP PKB,sahabat yuk nonton mata najwa metro televisi ketua dpp pkb
306,positive,MataNajwaMetroTV,5,Suarakan terus kebenaran Mata Najwa,suara benar mata najwa
307,positive,MataNajwaMetroTV,5,"Selamat @NajwaShihab dan keluarga besar @Metro_TV Prestasi yg luar biasa, Dialog keren, rugi klo terlewatkan nonton mata najwa",selamat keluarga prestasi dialog keren rugi lewat nonton mata najwa
308,positive,MataNajwaMetroTV,7,@TV_MATANAJWA Semoga acara Mata Najwa Metro TV jadi acara favorit dan semakin jaya berkualitas di masa mendatang,moga acara mata najwa metro televisi acara favorit jaya kualitas
309,positive,MataNajwaMetroTV,5,Pasti menang cuma mata najwa yang paling ok RT @Metro_TV: Dukung Mata Najwa menjadi Program TV terbaik http://tl.gd/nnoc2f,menang mata najwa ok rt dukung mata najwa program televisi baik
310,positive,MataNajwaMetroTV,2,"Mata Najwa MetroTV, Inspiratif",mata najwa metrotv inspiratif
311,positive,MataNajwaMetroTV,5,KENAPA HARI INI TERASA TENTRAM DAN BAHAGIA NONTON MATA NAJWA @Metro_TV,tentram bahagia nonton mata najwa
312,positive,MataNajwaMetroTV,4,Mata Najwa paling keren acaranya matanya setajam silet,mata najwa keren acara mata tajam silet
313,positive,MataNajwaMetroTV,7,Mata Najwa malam ini kayaknya bakal seru banget,mata najwa malam kayak seru banget
314,positive,MataNajwaMetroTV,2,Mata Najwa memang paling keren Mantap,mata najwa keren mantap
315,positive,MataNajwaMetroTV,15,"Keren! Tampil di Kandang Lawan, Pak Anies Baswedan Tampak Gemilang di Mata Najwa Metro TV",keren tampil kandang lawan anies baswedan gemilang mata najwa metro televisi
316,positive,MataNajwaMetroTV,3,memang cukup romantis dan memuaskan pemirsa krn adanya mata najwa semakin sukses,romantis muas pirsa mata najwa sukses
317,positive,MataNajwaMetroTV,2,Menarik sekali mengikuti diskusi Ahok - Anis di Mata Najwa http://fb.me/5KYy9nAdC,tarik ikut diskusi ahok anis mata najwa
318,positive,MataNajwaMetroTV,9,ahok merasa pinter dan merasa hebat di debat acara mata najwa metro tv.,ahok pintar hebat debat acara mata najwa metro televisi
319,positive,MataNajwaMetroTV,5,Mata Najwa dan Metro Tv berpihak pada paslon 3 Untung Ahok cerdas. Semangat pak! Allah bersamamu,mata najwa metro televisi pihak paslon untung ahok cerdas semangat allah sama
320,positive,MataNajwaMetroTV,12,"Sudah terbukti di mata Najwa, kalau Ahok lebih hebat dari Anis Insaallah Ahok Jarot menang..",bukti mata najwa ahok hebat anis insyaallah ahok jarot menang
321,positive,MataNajwaMetroTV,6,"sip, keren. debat ala mata najwa lebih keren daripada ala kpud yg sdh diatur utk lbh jaim",sip keren debat ala mata najwa keren ala kpud atur jaim
322,positive,MataNajwaMetroTV,19,semoga bapak jokowi melihat acara mata najwa supaya masalah masalah yg dipelosok dapat diatasi,moga jokowi acara mata najwa pelosok atas
323,positive,MataNajwaMetroTV,1,keren deh. Mata Najwa juga.,keren deh mata najwa
324,positive,MataNajwaMetroTV,2,metro tv keren inspiratif dgn mata najwa nya kick andy,metro televisi keren inspiratif mata najwa nya kick andy
325,positive,MataNajwaMetroTV,5,metro tv emang tv paling keren ya edukatif dan menginspirasi seperti mata najwa dan kick andy,metro televisi emang televisi keren ya edukatif inspirasi mata najwa kick andy
326,positive,MataNajwaMetroTV,2,Pemimpin itu harus Cerdas santun Tegas jujur bersih saya pilih AniesSandiPemersatu #MataNajwaMetroTv,pimpin cerdas santun jujur bersih pilih aniessandipemersatu
327,positive,MataNajwaMetroTV,6,"Liat pemimpin2 yg islami, cerdas, teladan #matanajwametrotv",lihat pimpin islami cerdas teladan
328,positive,MataNajwaMetroTV,7,rame banget malam ini #MataNajwaMetroTV selalu menunggu topik lain yang seru dan nambah wawasan.,ramai banget malam tunggu topik seru tambah wawas
329,positive,MataNajwaMetroTV,2,Kado indah malam ini. @najwashihab  matanajwametrotv https://instagram.com/p/3OoWqCwgYj/,kado indah malam matanajwametrotv
330,positive,MataNajwaMetroTV,9,"Tjokro dan rumahnya menjadi teladan, tentang senioritas yang menghidupkan dan bukan mengkerdilkan. #MataNajwaMetroTv",tjokro rumah teladan senioritas hidup kerdil
331,positive,MataNajwaMetroTV,12,"Semangat bp bambang woidjojayanto,, @matanajwaMetroTv,, #saveKPK",semangat bp bambang woidjojayanto
332,positive,MataNajwaMetroTV,7,belajar dari gusdur matanajwametrotv,ajar gusdur matanajwametrotv
333,positive,MataNajwaMetroTV,15,"mata najwa, ibu susi bpk dahlan dan bpk faisal basri inspiratif #matanajwametrotv",mata najwa sus dahlan faisal basri inspiratif
334,positive,MataNajwaMetroTV,5,metro tv keren malam ini yang lg malam mingguan rugi klo ga nonton mata najwa @matanajwametrotv,metro televisi keren malam malam minggu rugi nonton mata najwa
335,positive,MataNajwaMetroTV,4,Kemerdekaan adalah hak segala bangsa #TanyaJokowi #MataNajwaMetroTV,merdeka hak bangsa
336,positive,MataNajwaMetroTV,7,Seru nih mata najwa malam ini #MATANAJWAMETROTV,seru nih mata najwa malam
337,positive,MataNajwaMetroTV,5,Salut buat Ahok. #matanajwametrotv #hutjekardah,salut ahok
338,positive,MataNajwaMetroTV,2,Super Salut dengan Pak Ahok #matanajwametrotv,super salut ahok
339,positive,MataNajwaMetroTV,11,"Matanajwametrotv berwibawa tak byk kata_berkuasa tetap sederhana, kagum",matanajwametrotv wibawa kata kuasa sederhana kagum
340,positive,MataNajwaMetroTV,18,Salut dan bangga sm pak BJ. Habibie utk yg kesekian kalinya #MataNajwaMetroTV,salut bangga bj habibie sekian kali
341,positive,MataNajwaMetroTV,3,"obrolan santai menarik abraham slamet, jk, jokowi, anis baswedan, ganjar #matanajwametrotv",obrol santai tarik abraham slamet jokowi anis baswedan ganjar
342,positive,MataNajwaMetroTV,1,"Anis baswedan , jokowi , ganjar pranowo , JK , abraham samad inspirasi indonesia  Keren !!! #matanajwametrotv",anis baswedan jokowi ganjar pranowo abraham samad inspirasi indonesia keren
343,positive,MataNajwaMetroTV,7,para pemimpin yg luar biasa #MataNajwaMetroTv,pimpin
344,positive,MataNajwaMetroTV,16,"Kerendahan, kesederhanaan pak jokowi ini patut di tiru #matanajwametrotv",rendah sederhana jokowi patut tiru
345,positive,MataNajwaMetroTV,4,Seru nih Dahlan Iskan dan ketua DPR #matanajwametroTV,seru nih dahlan iskan ketua dpr
346,positive,MataNajwaMetroTV,17,Desa Bebas Rokok yg sangat menginspirasi dan ternyata ada. Luar biasa #MataNajwaMetroTV,desa bebas rokok inspirasi
347,positive,MataNajwaMetroTV,12,Selalu dan masih terinspirasi dengan cinta BJH dan HAB #matanajwaMetroTV http://myloc.me/8DDtO,inspirasi cinta bjh hab
348,positive,MataNajwaMetroTV,5,Selalu memberikan banyak inspirasi #matanajwaMetroTV,inspirasi
349,positive,MataNajwaMetroTV,2,Narasumber yang luar biasa #matanajwaMetroTV,narasumber
350,positive,MataNajwaMetroTV,3,Cie yg lg ada job di @MataNajwa,cie job
351,negative,MataNajwaMetroTV,0,setelah nonton mata najwa soal radikalisme di @Metro_TV langsung keluar berita tersebut. Seram,nonton mata najwa radikalisme langsung berita seram
352,negative,MataNajwaMetroTV,0,"Mata Najwa acara sampah, yg cuman memperkeruh suasana. Gue sbg pelajar mending pilih ILC. @MataNajwa @NajwaShihab @Metro_TV",mata najwa acara sampah keruh suasana ajar mending pilih ilc
353,negative,MataNajwaMetroTV,0,kata aneh lagi diacara mata najwa metrotv mengajarkan Islam kepada umat Islam dikatakan Islamisi lebih edan lagi tokoh Islam manggut2,aneh acara mata najwa metrotv ajar islam umat islam islamis edan tokoh islam manggut
354,negative,MataNajwaMetroTV,0,ILC mendinginkan Mata Najwa memprovokasi Metro tv emang tv sampah ga bosan2 memojokan islam ! Metro tv perusak pancasila,ilc dingin mata najwa provokasi metro televisi emang televisi sampah bosan pojok islam metro televisi usak pancasila
355,negative,MataNajwaMetroTV,3,"Laporkan metro tv ke kpi, metro itu stres mata najwa selalu kalah oleh ILC",lapor metro televisi kpi metro stres mata najwa kalah ilc
356,negative,MataNajwaMetroTV,0,KECEWA MATA NAJWA MALAM INI TIDAK BERMUTU!! NARASI NAJWA BUKTI DIA GA NGERTI MASALAH KARENA KEBERPIHAKAN JADILAH KEBODOHAN,kecewa mata najwa malam mutu narasi najwa bukti ngerti pihak bodoh
357,negative,MataNajwaMetroTV,2,"@Metro_TV untuk acara Mata najwa, host nya @NajwaShihab JANGAN SUKA MENYELA PEMBICARAAN ORANG KALAU BELUM SELESAI. GAK SOPAN",acara mata najwa host nya suka sela bicara orang selesai sopan
358,negative,MataNajwaMetroTV,0,Jadi emosi & sakit hati nonton mata najwa @metro tv. Ganti chanel masakan aja,emosi sakit hati nonton mata najwa televisi ganti chanel masakan
359,negative,MataNajwaMetroTV,0,"MASA DARI ISIS MIMIN ITU BOM KP. MELAYU, MAAF KATANYA ISIS ORGANISASI APA IKUT ORGANISASI MBAK MATA NAJWA? BETULKAH ITU MIMIN?",isis mimin bom kp melayu maaf isis organisasi organisasi mbak mata najwa mimin
360,negative,MataNajwaMetroTV,0,"fotonya kok @Pak_JK , yg integritasnya tdk jelas. Merusak reputasi Mata Najwa aja",foto integritas rusak reputasi mata najwa
361,negative,MataNajwaMetroTV,0,gara2 di bantai teman sendiri sesama anggota DPR di mata najwa lu langsung benci metro TV,gara bantai teman anggota dpr mata najwa langsung benci metro televisi
362,negative,MataNajwaMetroTV,0,@Metro_TV Muak melihat kesombongan FZ di acara live Mata Najwa,muak sombong fz acara live mata najwa
363,negative,MataNajwaMetroTV,2,"males lihat @Metro_TV biarpun yg datang org nomor satu dunia, ogah. @Metro_TV dan pembawa acara mata najwa sdh dicontreng hitam",malas lihat biarpun orang nomor dunia ogah bawa acara mata najwa dicontreng hitam
364,negative,MataNajwaMetroTV,0,"keseringan masuk @Metro_TV dan bergaul sama mata najwa, engga diapa-apain ngadu2",sering masuk gaul mata najwa diapaapain adu
365,negative,MataNajwaMetroTV,0,"Kan udah bilang di mata najwa metro tv, tanya aja sendiri ke bapak anis, kok fitnah",bilang mata najwa metro televisi anis fitnah
366,negative,MataNajwaMetroTV,0,Kenapa MUI tidak mengeluarkan Fatwa Haram Korupsi? Rasanya harus undang jg para petinggi MUI di mata najwa,mui keluar fatwa haram korupsi undang petinggi mui mata najwa
367,negative,MataNajwaMetroTV,0,"Bravo Mata Najwa.. Debat Pilgub DKI kali ini garing,kalah sama MataNajwa yg mampu menggali lbh dalam #MataNajwa @Metro_TV",bravo mata najwa debat pilih gubernur dki kali garingkalah matanajwa gali
368,negative,MataNajwaMetroTV,2,"#BatalDebatKarena Kasihan... pas debat Mata Najwa di metrotv aja Pak Basuki sudah hampir nangis, ga kebayang kemarin debat lagi",kasihan pas debat mata najwa metrotv basuki nang bayang kemarin debat
369,negative,MataNajwaMetroTV,4,Setelah acara di mata najwa kasihan Pak Anies jd bulan2an di medsos untuk dihujat #AhokDjarotDiRosi,acara mata najwa kasihan anies bulan medsos hujat
370,negative,MataNajwaMetroTV,0,"Nyetel metro tv mata najwa debat kemaren Bikin kesel masalah rumah, coba cek skrg msh ada ga itu rumah di webnya",nyetel metro televisi mata najwa debat kemaren bikin kesel rumah coba cek rumah webnya
371,negative,MataNajwaMetroTV,0,"waktu awal sandi muncul sbg cawagub di metro tv dlm acara mata najwa, pak sandi sdh berbohong....",sandi muncul cawagub metro televisi acara mata najwa sandi bohong
372,negative,MataNajwaMetroTV,0,Ini Kesaksian Mengejutkan Pendukung Anies Yang Merasa Tertipu Di Acara Mata Najwa. MENIPU @Metro_TV @MataNajwa,saksi kejut dukung anies tipu acara mata najwa tipu
373,negative,MataNajwaMetroTV,0,"#MataNajwaDebatJakarta  Di kandang Ahok, Metro TV, dan mata Najwa  Mereka bagaikan sampah yg berserakan Anies pilihanku  Pasti",kandang ahok metro televisi mata najwa sampah sera anies pilih
374,negative,MataNajwaMetroTV,0,Katanya boikot MetroTV tp kok ngintip Mata Najwa,boikot metrotv intip mata najwa
375,negative,MataNajwaMetroTV,0,"Malas lihat Anies, bawa sial aja ini orang, lebih baik lihat Ahok aja di Mata Najwa",malas lihat anies bawa sial orang lihat ahok mata najwa
376,negative,MataNajwaMetroTV,0,Nonton Mata Najwa @Metro_TV gw liat Anies ngomong bikin ngantuk #anaktangsel,nonton mata najwa lihat anies ngomong bikin ngantuk
377,negative,MataNajwaMetroTV,0,mata najwa  selalu menuduh menjelekan lawan memfonis lawan,mata najwa tuduh jelek lawan fon lawan
378,negative,MataNajwaMetroTV,2,"Liat Mata Najwa @Metro_TV males, diskusi @basuki_btp sama @aniesbaswedan ga imbang.. salah satunya jualan mimpi",lihat mata najwa malas diskusi imbang salah satu jual mimpi
379,negative,MataNajwaMetroTV,0,kayaknya mata Najwa mengadu domba kedua cagub di putaran 2 Pilkada DKI nih...,kayak mata najwa adu domba cagub putar pilkada dki nih
380,negative,MataNajwaMetroTV,0,"gak mungkin saya di penjara, saksinya aja palsu kok. Kata pak Ahok  #TerbuktiTeruji #MataNajwaMetroTv",penjara saksi palsu ahok
381,negative,MataNajwaMetroTV,0,"pak anis pak anis, rekaman 2 thn lalu msh disimpan loh sm metrotv  gak malu ya nelen ludah sendri? #MataNajwaMetroTv",anis anis rekam simpan loh metrotv malu ya nelen ludah sendri
382,negative,MataNajwaMetroTV,0,Sebagus apapun sistem ketika yang menjalankan orang yg tidak baik. Maka jadilah sistem itu tidak baik pula #matanajwametrotv,bagus apa sistem jalan orang sistem
383,negative,MataNajwaMetroTV,0,"Ridwan Bae tai  Tampang aja udah ngeselin, ayo mbk nana bully trus si Bae,, #MataNajwaMETROTV",ridwan bae tai tampang ngeselin ayo mbak nana bully si bae
384,negative,MataNajwaMetroTV,0,Miris liat pengaturan skor di sepakbola indonesia  #matanajwametrotv,miris lihat atur skor sepakbola indonesia
385,negative,MataNajwaMetroTV,0,"Dahulu pemuda berperang melawan penjajah, sekarang pemuda melawan kebiasaan buruk yang tak kunjung berubah #matanajwametrotv",pemuda perang lawan jajah pemuda lawan biasa buruk kunjung ubah
386,negative,MataNajwaMetroTV,0,Pasrah pak ? Haha TAI #MataNajwaMetroTV #SepakBolaMilikSiapa?,pasrah haha tai
387,negative,MataNajwaMetroTV,0,"lo bilang kita2 ga punya kerjan ya, @radityadika #MataNajwaMetroTv",bilang kerja ya
388,negative,MataNajwaMetroTV,0,PSSI tempat pelacur diri sudah tak punya hati nurani! memalukan @MataNajwaMetroTV,pssi lacur hati nurani malu
389,negative,MataNajwaMetroTV,0,#MataNajwaMetroTV jembatan comal masih blm jadi... akibatya padat merayap...,jembatan comal akibatya padat rayap
390,negative,MataNajwaMetroTV,0,Bagaimana penegak MELANGGAR hukum? Kita TIDAK membayar SERAGAM mereka hanya untuk menegakkan HUKUM RIMBA @MataNajwa #MataNajwaMetroTv,tegak langgar hukum bayar seragam tegak hukum rimba
391,negative,MataNajwaMetroTV,0,Pak wapresnya diketawain mulu ( bajusama staff hotel & celana robek ) @boediono  #matanajwametrotv,wapresnya diketawain mulu bajusama staff hotel celana robek
392,negative,MataNajwaMetroTV,3,RT @PutryVanVan: pemimpin itu mendongrak keadaan bukan mengokohkan materi #Matanajwametrotv,rt pimpin mendongrak kokoh materi
393,negative,MataNajwaMetroTV,0,"Tdk cukup dg menonton saja, km harus masuk kedalamnya untuk melakukan perubahan Ahok MataNajwaMetroTV",tonton masuk dalam ubah ahok matanajwametrotv
394,negative,MataNajwaMetroTV,0,lembaga negara di indonesia bobrok semua...  #matanajwametrotv,lembaga negara indonesia bobrok
395,negative,MataNajwaMetroTV,0,Org2 tolol. Dibilang DI DUGA dia udh mencak2. Yakin bgt jd tersangka #MataNajwaMetroTV,orang tolol bilang duga mencak banget sangka
396,negative,MataNajwaMetroTV,0,ini apa banget deh gw paling kesel klo orang2 pada debat pake emosi gini @matanajwametrotv,banget deh kesel orang debat pakai emosi
397,negative,MataNajwaMetroTV,0,Orang miskin semakin miskin klo sekolah melakukan pungutan liar terus,orang miskin miskin sekolah pungut liar
398,negative,MataNajwaMetroTV,0,"ga boLeh emosi, cepat tua, nonton #matanajwametrotv ,lihat bapak #hotmansutapea tiba2 ikut emosi bicara",emosi cepat tua nonton lihat emosi bicara
399,negative,MataNajwaMetroTV,0,"dr penampilan saja kyk preman taunya bkin kisruh, perusak #matanajwametrotv",tampil preman tau bkin kisruh usak
400,negative,MataNajwaMetroTV,0,"Jawab aja ga usah berbelit-belit. Muter2 ga jelas, Buang2 waktu. ga mutu #matanajwametroTV",berbelitbelit putar buang mutu
